,time,rep,cell type ,group,Activated CD4 T cells,Cycling Plasma,Cycling T cells,Cytotoxic CD8 T cells,DCs,MAIT,Megakaryocytes,Memory B cells,Monocytes,Naive B cells,Naive T cells,NKs,Plasma,Stem cells,XCL+ NKs
d_3_SEACell-0,3,1,Naive T cells,1,0,0,0,0,0,0,0,0,0,0,1,0,0,0,0
d_3_SEACell-1,3,1,MAIT,1,0,0,0,0,0,1,0,0,0,0,0,0,0,0,0
d_3_SEACell-10,3,1,Naive T cells,1,0,0,0,0,0,0,0,0,0,0,1,0,0,0,0
d_3_SEACell-11,3,1,Memory B cells,1,0,0,0,0,0,0,0,1,0,0,0,0,0,0,0
d_3_SEACell-12,3,1,NKs,1,0,0,0,0,0,0,0,0,0,0,0,1,0,0,0
d_3_SEACell-13,3,1,NKs,1,0,0,0,0,0,0,0,0,0,0,0,1,0,0,0
d_3_SEACell-14,3,1,Cytotoxic CD8 T cells,1,0,0,0,1,0,0,0,0,0,0,0,0,0,0,0
d_3_SEACell-15,3,1,Cytotoxic CD8 T cells,1,0,0,0,1,0,0,0,0,0,0,0,0,0,0,0
d_3_SEACell-16,3,1,XCL+ NKs,1,0,0,0,0,0,0,0,0,0,0,0,0,0,0,1
d_3_SEACell-17,3,1,Memory B cells,1,0,0,0,0,0,0,0,1,0,0,0,0,0,0,0
d_3_SEACell-18,3,1,NKs,1,0,0,0,0,0,0,0,0,0,0,0,1,0,0,0
d_3_SEACell-19,3,1,Naive B cells,1,0,0,0,0,0,0,0,0,0,1,0,0,0,0,0
d_3_SEACell-2,3,1,Plasma,1,0,0,0,0,0,0,0,0,0,0,0,0,1,0,0
d_3_SEACell-3,3,1,NKs,1,0,0,0,0,0,0,0,0,0,0,0,1,0,0,0
d_3_SEACell-4,3,1,Cycling T cells,1,0,0,1,0,0,0,0,0,0,0,0,0,0,0,0
d_3_SEACell-5,3,1,Naive B cells,1,0,0,0,0,0,0,0,0,0,1,0,0,0,0,0
d_3_SEACell-6,3,1,Naive B cells,1,0,0,0,0,0,0,0,0,0,1,0,0,0,0,0
d_3_SEACell-7,3,1,Naive T cells,1,0,0,0,0,0,0,0,0,0,0,1,0,0,0,0
d_3_SEACell-8,3,1,Activated CD4 T cells,1,1,0,0,0,0,0,0,0,0,0,0,0,0,0,0
d_3_SEACell-9,3,1,Naive T cells,1,0,0,0,0,0,0,0,0,0,0,1,0,0,0,0
d_7_SEACell-0,7,2,Monocytes,1,0,0,0,0,0,0,0,0,1,0,0,0,0,0,0
d_7_SEACell-1,7,2,Naive B cells,1,0,0,0,0,0,0,0,0,0,1,0,0,0,0,0
d_7_SEACell-10,7,2,MAIT,1,0,0,0,0,0,1,0,0,0,0,0,0,0,0,0
d_7_SEACell-11,7,2,Naive T cells,1,0,0,0,0,0,0,0,0,0,0,1,0,0,0,0
d_7_SEACell-12,7,2,XCL+ NKs,1,0,0,0,0,0,0,0,0,0,0,0,0,0,0,1
d_7_SEACell-13,7,2,Plasma,1,0,0,0,0,0,0,0,0,0,0,0,0,1,0,0
d_7_SEACell-14,7,2,Plasma,1,0,0,0,0,0,0,0,0,0,0,0,0,1,0,0
d_7_SEACell-15,7,2,NKs,1,0,0,0,0,0,0,0,0,0,0,0,1,0,0,0
d_7_SEACell-16,7,2,Memory B cells,1,0,0,0,0,0,0,0,1,0,0,0,0,0,0,0
d_7_SEACell-17,7,2,Cytotoxic CD8 T cells,1,0,0,0,1,0,0,0,0,0,0,0,0,0,0,0
d_7_SEACell-18,7,2,Cytotoxic CD8 T cells,1,0,0,0,1,0,0,0,0,0,0,0,0,0,0,0
d_7_SEACell-19,7,2,NKs,1,0,0,0,0,0,0,0,0,0,0,0,1,0,0,0
d_7_SEACell-2,7,2,NKs,1,0,0,0,0,0,0,0,0,0,0,0,1,0,0,0
d_7_SEACell-3,7,2,NKs,1,0,0,0,0,0,0,0,0,0,0,0,1,0,0,0
d_7_SEACell-4,7,2,Naive T cells,1,0,0,0,0,0,0,0,0,0,0,1,0,0,0,0
d_7_SEACell-5,7,2,Activated CD4 T cells,1,1,0,0,0,0,0,0,0,0,0,0,0,0,0,0
d_7_SEACell-6,7,2,Naive T cells,1,0,0,0,0,0,0,0,0,0,0,1,0,0,0,0
d_7_SEACell-7,7,2,Plasma,1,0,0,0,0,0,0,0,0,0,0,0,0,1,0,0
d_7_SEACell-8,7,2,Cycling T cells,1,0,0,1,0,0,0,0,0,0,0,0,0,0,0,0
d_7_SEACell-9,7,2,Cytotoxic CD8 T cells,1,0,0,0,1,0,0,0,0,0,0,0,0,0,0,0
d_9_SEACell-0,9,3,MAIT,1,0,0,0,0,0,1,0,0,0,0,0,0,0,0,0
d_9_SEACell-1,9,3,Naive T cells,1,0,0,0,0,0,0,0,0,0,0,1,0,0,0,0
d_9_SEACell-2,9,3,Activated CD4 T cells,1,1,0,0,0,0,0,0,0,0,0,0,0,0,0,0
d_9_SEACell-3,9,3,Plasma,1,0,0,0,0,0,0,0,0,0,0,0,0,1,0,0
d_9_SEACell-4,9,3,Naive B cells,1,0,0,0,0,0,0,0,0,0,1,0,0,0,0,0
d_9_SEACell-5,9,3,Cycling T cells,1,0,0,1,0,0,0,0,0,0,0,0,0,0,0,0
d_9_SEACell-6,9,3,Memory B cells,1,0,0,0,0,0,0,0,1,0,0,0,0,0,0,0
d_9_SEACell-7,9,3,Monocytes,1,0,0,0,0,0,0,0,0,1,0,0,0,0,0,0
d_9_SEACell-8,9,3,Naive T cells,1,0,0,0,0,0,0,0,0,0,0,1,0,0,0,0
d_9_SEACell-9,9,3,Cytotoxic CD8 T cells,1,0,0,0,1,0,0,0,0,0,0,0,0,0,0,0
d_10_SEACell-0,10,4,Stem cells,1,0,0,0,0,0,0,0,0,0,0,0,0,0,1,0
d_10_SEACell-1,10,4,XCL+ NKs,1,0,0,0,0,0,0,0,0,0,0,0,0,0,0,1
d_10_SEACell-10,10,4,MAIT,1,0,0,0,0,0,1,0,0,0,0,0,0,0,0,0
d_10_SEACell-11,10,4,Megakaryocytes,1,0,0,0,0,0,0,1,0,0,0,0,0,0,0,0
d_10_SEACell-12,10,4,Plasma,1,0,0,0,0,0,0,0,0,0,0,0,0,1,0,0
d_10_SEACell-13,10,4,Memory B cells,1,0,0,0,0,0,0,0,1,0,0,0,0,0,0,0
d_10_SEACell-14,10,4,Plasma,1,0,0,0,0,0,0,0,0,0,0,0,0,1,0,0
d_10_SEACell-15,10,4,XCL+ NKs,1,0,0,0,0,0,0,0,0,0,0,0,0,0,0,1
d_10_SEACell-16,10,4,Cytotoxic CD8 T cells,1,0,0,0,1,0,0,0,0,0,0,0,0,0,0,0
d_10_SEACell-17,10,4,Cytotoxic CD8 T cells,1,0,0,0,1,0,0,0,0,0,0,0,0,0,0,0
d_10_SEACell-18,10,4,Naive B cells,1,0,0,0,0,0,0,0,0,0,1,0,0,0,0,0
d_10_SEACell-19,10,4,Naive T cells,1,0,0,0,0,0,0,0,0,0,0,1,0,0,0,0
d_10_SEACell-2,10,4,Naive T cells,1,0,0,0,0,0,0,0,0,0,0,1,0,0,0,0
d_10_SEACell-20,10,4,Naive T cells,1,0,0,0,0,0,0,0,0,0,0,1,0,0,0,0
d_10_SEACell-21,10,4,Naive T cells,1,0,0,0,0,0,0,0,0,0,0,1,0,0,0,0
d_10_SEACell-22,10,4,Plasma,1,0,0,0,0,0,0,0,0,0,0,0,0,1,0,0
d_10_SEACell-23,10,4,Cycling T cells,1,0,0,1,0,0,0,0,0,0,0,0,0,0,0,0
d_10_SEACell-24,10,4,Naive T cells,1,0,0,0,0,0,0,0,0,0,0,1,0,0,0,0
d_10_SEACell-25,10,4,NKs,1,0,0,0,0,0,0,0,0,0,0,0,1,0,0,0
d_10_SEACell-26,10,4,Cycling T cells,1,0,0,1,0,0,0,0,0,0,0,0,0,0,0,0
d_10_SEACell-27,10,4,Plasma,1,0,0,0,0,0,0,0,0,0,0,0,0,1,0,0
d_10_SEACell-28,10,4,Memory B cells,1,0,0,0,0,0,0,0,1,0,0,0,0,0,0,0
d_10_SEACell-29,10,4,Cytotoxic CD8 T cells,1,0,0,0,1,0,0,0,0,0,0,0,0,0,0,0
d_10_SEACell-3,10,4,Cycling T cells,1,0,0,1,0,0,0,0,0,0,0,0,0,0,0,0
d_10_SEACell-30,10,4,Memory B cells,1,0,0,0,0,0,0,0,1,0,0,0,0,0,0,0
d_10_SEACell-31,10,4,Plasma,1,0,0,0,0,0,0,0,0,0,0,0,0,1,0,0
d_10_SEACell-32,10,4,Activated CD4 T cells,1,1,0,0,0,0,0,0,0,0,0,0,0,0,0,0
d_10_SEACell-33,10,4,Monocytes,1,0,0,0,0,0,0,0,0,1,0,0,0,0,0,0
d_10_SEACell-34,10,4,Plasma,1,0,0,0,0,0,0,0,0,0,0,0,0,1,0,0
d_10_SEACell-35,10,4,MAIT,1,0,0,0,0,0,1,0,0,0,0,0,0,0,0,0
d_10_SEACell-36,10,4,Cycling Plasma,1,0,1,0,0,0,0,0,0,0,0,0,0,0,0,0
d_10_SEACell-37,10,4,MAIT,1,0,0,0,0,0,1,0,0,0,0,0,0,0,0,0
d_10_SEACell-38,10,4,NKs,1,0,0,0,0,0,0,0,0,0,0,0,1,0,0,0
d_10_SEACell-39,10,4,Plasma,1,0,0,0,0,0,0,0,0,0,0,0,0,1,0,0
d_10_SEACell-4,10,4,Cycling Plasma,1,0,1,0,0,0,0,0,0,0,0,0,0,0,0,0
d_10_SEACell-40,10,4,Naive T cells,1,0,0,0,0,0,0,0,0,0,0,1,0,0,0,0
d_10_SEACell-41,10,4,Plasma,1,0,0,0,0,0,0,0,0,0,0,0,0,1,0,0
d_10_SEACell-42,10,4,Memory B cells,1,0,0,0,0,0,0,0,1,0,0,0,0,0,0,0
d_10_SEACell-43,10,4,Memory B cells,1,0,0,0,0,0,0,0,1,0,0,0,0,0,0,0
d_10_SEACell-44,10,4,Cytotoxic CD8 T cells,1,0,0,0,1,0,0,0,0,0,0,0,0,0,0,0
d_10_SEACell-45,10,4,Plasma,1,0,0,0,0,0,0,0,0,0,0,0,0,1,0,0
d_10_SEACell-46,10,4,Naive T cells,1,0,0,0,0,0,0,0,0,0,0,1,0,0,0,0
d_10_SEACell-47,10,4,NKs,1,0,0,0,0,0,0,0,0,0,0,0,1,0,0,0
d_10_SEACell-48,10,4,Activated CD4 T cells,1,1,0,0,0,0,0,0,0,0,0,0,0,0,0,0
d_10_SEACell-49,10,4,Cytotoxic CD8 T cells,1,0,0,0,1,0,0,0,0,0,0,0,0,0,0,0
d_10_SEACell-5,10,4,Cycling T cells,1,0,0,1,0,0,0,0,0,0,0,0,0,0,0,0
d_10_SEACell-50,10,4,Plasma,1,0,0,0,0,0,0,0,0,0,0,0,0,1,0,0
d_10_SEACell-51,10,4,Naive T cells,1,0,0,0,0,0,0,0,0,0,0,1,0,0,0,0
d_10_SEACell-52,10,4,Naive B cells,1,0,0,0,0,0,0,0,0,0,1,0,0,0,0,0
d_10_SEACell-53,10,4,Cycling Plasma,1,0,1,0,0,0,0,0,0,0,0,0,0,0,0,0
d_10_SEACell-54,10,4,Cycling Plasma,1,0,1,0,0,0,0,0,0,0,0,0,0,0,0,0
d_10_SEACell-55,10,4,Cycling T cells,1,0,0,1,0,0,0,0,0,0,0,0,0,0,0,0
d_10_SEACell-56,10,4,Stem cells,1,0,0,0,0,0,0,0,0,0,0,0,0,0,1,0
d_10_SEACell-57,10,4,Cytotoxic CD8 T cells,1,0,0,0,1,0,0,0,0,0,0,0,0,0,0,0
d_10_SEACell-58,10,4,Naive T cells,1,0,0,0,0,0,0,0,0,0,0,1,0,0,0,0
d_10_SEACell-59,10,4,NKs,1,0,0,0,0,0,0,0,0,0,0,0,1,0,0,0
d_10_SEACell-6,10,4,Cycling T cells,1,0,0,1,0,0,0,0,0,0,0,0,0,0,0,0
d_10_SEACell-60,10,4,NKs,1,0,0,0,0,0,0,0,0,0,0,0,1,0,0,0
d_10_SEACell-61,10,4,Naive T cells,1,0,0,0,0,0,0,0,0,0,0,1,0,0,0,0
d_10_SEACell-62,10,4,Naive T cells,1,0,0,0,0,0,0,0,0,0,0,1,0,0,0,0
d_10_SEACell-63,10,4,Naive B cells,1,0,0,0,0,0,0,0,0,0,1,0,0,0,0,0
d_10_SEACell-64,10,4,Activated CD4 T cells,1,1,0,0,0,0,0,0,0,0,0,0,0,0,0,0
d_10_SEACell-65,10,4,NKs,1,0,0,0,0,0,0,0,0,0,0,0,1,0,0,0
d_10_SEACell-66,10,4,MAIT,1,0,0,0,0,0,1,0,0,0,0,0,0,0,0,0
d_10_SEACell-67,10,4,XCL+ NKs,1,0,0,0,0,0,0,0,0,0,0,0,0,0,0,1
d_10_SEACell-68,10,4,Naive T cells,1,0,0,0,0,0,0,0,0,0,0,1,0,0,0,0
d_10_SEACell-69,10,4,Memory B cells,1,0,0,0,0,0,0,0,1,0,0,0,0,0,0,0
d_10_SEACell-7,10,4,Naive B cells,1,0,0,0,0,0,0,0,0,0,1,0,0,0,0,0
d_10_SEACell-8,10,4,Cytotoxic CD8 T cells,1,0,0,0,1,0,0,0,0,0,0,0,0,0,0,0
d_10_SEACell-9,10,4,MAIT,1,0,0,0,0,0,1,0,0,0,0,0,0,0,0,0
d_13_SEACell-0,13,5,Naive T cells,1,0,0,0,0,0,0,0,0,0,0,1,0,0,0,0
d_13_SEACell-1,13,5,MAIT,1,0,0,0,0,0,1,0,0,0,0,0,0,0,0,0
d_13_SEACell-10,13,5,DCs,1,0,0,0,0,1,0,0,0,0,0,0,0,0,0,0
d_13_SEACell-11,13,5,XCL+ NKs,1,0,0,0,0,0,0,0,0,0,0,0,0,0,0,1
d_13_SEACell-12,13,5,MAIT,1,0,0,0,0,0,1,0,0,0,0,0,0,0,0,0
d_13_SEACell-13,13,5,XCL+ NKs,1,0,0,0,0,0,0,0,0,0,0,0,0,0,0,1
d_13_SEACell-14,13,5,Cycling T cells,1,0,0,1,0,0,0,0,0,0,0,0,0,0,0,0
d_13_SEACell-15,13,5,Stem cells,1,0,0,0,0,0,0,0,0,0,0,0,0,0,1,0
d_13_SEACell-16,13,5,MAIT,1,0,0,0,0,0,1,0,0,0,0,0,0,0,0,0
d_13_SEACell-17,13,5,Naive T cells,1,0,0,0,0,0,0,0,0,0,0,1,0,0,0,0
d_13_SEACell-18,13,5,NKs,1,0,0,0,0,0,0,0,0,0,0,0,1,0,0,0
d_13_SEACell-19,13,5,Activated CD4 T cells,1,1,0,0,0,0,0,0,0,0,0,0,0,0,0,0
d_13_SEACell-2,13,5,Cycling T cells,1,0,0,1,0,0,0,0,0,0,0,0,0,0,0,0
d_13_SEACell-20,13,5,Monocytes,1,0,0,0,0,0,0,0,0,1,0,0,0,0,0,0
d_13_SEACell-21,13,5,Memory B cells,1,0,0,0,0,0,0,0,1,0,0,0,0,0,0,0
d_13_SEACell-22,13,5,XCL+ NKs,1,0,0,0,0,0,0,0,0,0,0,0,0,0,0,1
d_13_SEACell-23,13,5,Naive T cells,1,0,0,0,0,0,0,0,0,0,0,1,0,0,0,0
d_13_SEACell-24,13,5,Naive B cells,1,0,0,0,0,0,0,0,0,0,1,0,0,0,0,0
d_13_SEACell-25,13,5,Naive T cells,1,0,0,0,0,0,0,0,0,0,0,1,0,0,0,0
d_13_SEACell-26,13,5,Naive T cells,1,0,0,0,0,0,0,0,0,0,0,1,0,0,0,0
d_13_SEACell-27,13,5,Plasma,1,0,0,0,0,0,0,0,0,0,0,0,0,1,0,0
d_13_SEACell-28,13,5,Memory B cells,1,0,0,0,0,0,0,0,1,0,0,0,0,0,0,0
d_13_SEACell-29,13,5,Naive T cells,1,0,0,0,0,0,0,0,0,0,0,1,0,0,0,0
d_13_SEACell-3,13,5,Plasma,1,0,0,0,0,0,0,0,0,0,0,0,0,1,0,0
d_13_SEACell-30,13,5,Naive B cells,1,0,0,0,0,0,0,0,0,0,1,0,0,0,0,0
d_13_SEACell-31,13,5,Cytotoxic CD8 T cells,1,0,0,0,1,0,0,0,0,0,0,0,0,0,0,0
d_13_SEACell-32,13,5,NKs,1,0,0,0,0,0,0,0,0,0,0,0,1,0,0,0
d_13_SEACell-33,13,5,Plasma,1,0,0,0,0,0,0,0,0,0,0,0,0,1,0,0
d_13_SEACell-34,13,5,Cycling Plasma,1,0,1,0,0,0,0,0,0,0,0,0,0,0,0,0
d_13_SEACell-35,13,5,Activated CD4 T cells,1,1,0,0,0,0,0,0,0,0,0,0,0,0,0,0
d_13_SEACell-36,13,5,Cycling T cells,1,0,0,1,0,0,0,0,0,0,0,0,0,0,0,0
d_13_SEACell-37,13,5,Plasma,1,0,0,0,0,0,0,0,0,0,0,0,0,1,0,0
d_13_SEACell-38,13,5,Plasma,1,0,0,0,0,0,0,0,0,0,0,0,0,1,0,0
d_13_SEACell-39,13,5,DCs,1,0,0,0,0,1,0,0,0,0,0,0,0,0,0,0
d_13_SEACell-4,13,5,Cycling T cells,1,0,0,1,0,0,0,0,0,0,0,0,0,0,0,0
d_13_SEACell-40,13,5,Memory B cells,1,0,0,0,0,0,0,0,1,0,0,0,0,0,0,0
d_13_SEACell-41,13,5,Plasma,1,0,0,0,0,0,0,0,0,0,0,0,0,1,0,0
d_13_SEACell-42,13,5,Naive T cells,1,0,0,0,0,0,0,0,0,0,0,1,0,0,0,0
d_13_SEACell-43,13,5,Activated CD4 T cells,1,1,0,0,0,0,0,0,0,0,0,0,0,0,0,0
d_13_SEACell-44,13,5,Naive T cells,1,0,0,0,0,0,0,0,0,0,0,1,0,0,0,0
d_13_SEACell-45,13,5,NKs,1,0,0,0,0,0,0,0,0,0,0,0,1,0,0,0
d_13_SEACell-46,13,5,MAIT,1,0,0,0,0,0,1,0,0,0,0,0,0,0,0,0
d_13_SEACell-47,13,5,Naive T cells,1,0,0,0,0,0,0,0,0,0,0,1,0,0,0,0
d_13_SEACell-48,13,5,Naive T cells,1,0,0,0,0,0,0,0,0,0,0,1,0,0,0,0
d_13_SEACell-49,13,5,Activated CD4 T cells,1,1,0,0,0,0,0,0,0,0,0,0,0,0,0,0
d_13_SEACell-5,13,5,Cytotoxic CD8 T cells,1,0,0,0,1,0,0,0,0,0,0,0,0,0,0,0
d_13_SEACell-50,13,5,Cytotoxic CD8 T cells,1,0,0,0,1,0,0,0,0,0,0,0,0,0,0,0
d_13_SEACell-51,13,5,Naive T cells,1,0,0,0,0,0,0,0,0,0,0,1,0,0,0,0
d_13_SEACell-52,13,5,Activated CD4 T cells,1,1,0,0,0,0,0,0,0,0,0,0,0,0,0,0
d_13_SEACell-53,13,5,Naive T cells,1,0,0,0,0,0,0,0,0,0,0,1,0,0,0,0
d_13_SEACell-54,13,5,Memory B cells,1,0,0,0,0,0,0,0,1,0,0,0,0,0,0,0
d_13_SEACell-55,13,5,NKs,1,0,0,0,0,0,0,0,0,0,0,0,1,0,0,0
d_13_SEACell-56,13,5,Naive B cells,1,0,0,0,0,0,0,0,0,0,1,0,0,0,0,0
d_13_SEACell-57,13,5,Plasma,1,0,0,0,0,0,0,0,0,0,0,0,0,1,0,0
d_13_SEACell-58,13,5,Memory B cells,1,0,0,0,0,0,0,0,1,0,0,0,0,0,0,0
d_13_SEACell-59,13,5,Cytotoxic CD8 T cells,1,0,0,0,1,0,0,0,0,0,0,0,0,0,0,0
d_13_SEACell-6,13,5,Memory B cells,1,0,0,0,0,0,0,0,1,0,0,0,0,0,0,0
d_13_SEACell-7,13,5,Cycling T cells,1,0,0,1,0,0,0,0,0,0,0,0,0,0,0,0
d_13_SEACell-8,13,5,Plasma,1,0,0,0,0,0,0,0,0,0,0,0,0,1,0,0
d_13_SEACell-9,13,5,Cycling Plasma,1,0,1,0,0,0,0,0,0,0,0,0,0,0,0,0
d_15_SEACell-0,15,6,Plasma,1,0,0,0,0,0,0,0,0,0,0,0,0,1,0,0
d_15_SEACell-1,15,6,Memory B cells,1,0,0,0,0,0,0,0,1,0,0,0,0,0,0,0
d_15_SEACell-10,15,6,Megakaryocytes,1,0,0,0,0,0,0,1,0,0,0,0,0,0,0,0
d_15_SEACell-11,15,6,Plasma,1,0,0,0,0,0,0,0,0,0,0,0,0,1,0,0
d_15_SEACell-12,15,6,Memory B cells,1,0,0,0,0,0,0,0,1,0,0,0,0,0,0,0
d_15_SEACell-13,15,6,Naive T cells,1,0,0,0,0,0,0,0,0,0,0,1,0,0,0,0
d_15_SEACell-14,15,6,XCL+ NKs,1,0,0,0,0,0,0,0,0,0,0,0,0,0,0,1
d_15_SEACell-15,15,6,Stem cells,1,0,0,0,0,0,0,0,0,0,0,0,0,0,1,0
d_15_SEACell-16,15,6,Monocytes,1,0,0,0,0,0,0,0,0,1,0,0,0,0,0,0
d_15_SEACell-17,15,6,Megakaryocytes,1,0,0,0,0,0,0,1,0,0,0,0,0,0,0,0
d_15_SEACell-18,15,6,Cycling T cells,1,0,0,1,0,0,0,0,0,0,0,0,0,0,0,0
d_15_SEACell-19,15,6,Naive T cells,1,0,0,0,0,0,0,0,0,0,0,1,0,0,0,0
d_15_SEACell-2,15,6,Plasma,1,0,0,0,0,0,0,0,0,0,0,0,0,1,0,0
d_15_SEACell-20,15,6,Memory B cells,1,0,0,0,0,0,0,0,1,0,0,0,0,0,0,0
d_15_SEACell-21,15,6,Plasma,1,0,0,0,0,0,0,0,0,0,0,0,0,1,0,0
d_15_SEACell-22,15,6,Activated CD4 T cells,1,1,0,0,0,0,0,0,0,0,0,0,0,0,0,0
d_15_SEACell-23,15,6,Cycling T cells,1,0,0,1,0,0,0,0,0,0,0,0,0,0,0,0
d_15_SEACell-24,15,6,Plasma,1,0,0,0,0,0,0,0,0,0,0,0,0,1,0,0
d_15_SEACell-25,15,6,Cytotoxic CD8 T cells,1,0,0,0,1,0,0,0,0,0,0,0,0,0,0,0
d_15_SEACell-26,15,6,Naive T cells,1,0,0,0,0,0,0,0,0,0,0,1,0,0,0,0
d_15_SEACell-27,15,6,Memory B cells,1,0,0,0,0,0,0,0,1,0,0,0,0,0,0,0
d_15_SEACell-28,15,6,Naive B cells,1,0,0,0,0,0,0,0,0,0,1,0,0,0,0,0
d_15_SEACell-29,15,6,Memory B cells,1,0,0,0,0,0,0,0,1,0,0,0,0,0,0,0
d_15_SEACell-3,15,6,Plasma,1,0,0,0,0,0,0,0,0,0,0,0,0,1,0,0
d_15_SEACell-30,15,6,Cycling T cells,1,0,0,1,0,0,0,0,0,0,0,0,0,0,0,0
d_15_SEACell-31,15,6,Cycling T cells,1,0,0,1,0,0,0,0,0,0,0,0,0,0,0,0
d_15_SEACell-32,15,6,Naive B cells,1,0,0,0,0,0,0,0,0,0,1,0,0,0,0,0
d_15_SEACell-33,15,6,Cytotoxic CD8 T cells,1,0,0,0,1,0,0,0,0,0,0,0,0,0,0,0
d_15_SEACell-34,15,6,Naive T cells,1,0,0,0,0,0,0,0,0,0,0,1,0,0,0,0
d_15_SEACell-35,15,6,NKs,1,0,0,0,0,0,0,0,0,0,0,0,1,0,0,0
d_15_SEACell-36,15,6,Activated CD4 T cells,1,1,0,0,0,0,0,0,0,0,0,0,0,0,0,0
d_15_SEACell-37,15,6,Memory B cells,1,0,0,0,0,0,0,0,1,0,0,0,0,0,0,0
d_15_SEACell-38,15,6,XCL+ NKs,1,0,0,0,0,0,0,0,0,0,0,0,0,0,0,1
d_15_SEACell-39,15,6,NKs,1,0,0,0,0,0,0,0,0,0,0,0,1,0,0,0
d_15_SEACell-4,15,6,Cycling Plasma,1,0,1,0,0,0,0,0,0,0,0,0,0,0,0,0
d_15_SEACell-5,15,6,Naive B cells,1,0,0,0,0,0,0,0,0,0,1,0,0,0,0,0
d_15_SEACell-6,15,6,NKs,1,0,0,0,0,0,0,0,0,0,0,0,1,0,0,0
d_15_SEACell-7,15,6,DCs,1,0,0,0,0,1,0,0,0,0,0,0,0,0,0,0
d_15_SEACell-8,15,6,MAIT,1,0,0,0,0,0,1,0,0,0,0,0,0,0,0,0
d_15_SEACell-9,15,6,Cytotoxic CD8 T cells,1,0,0,0,1,0,0,0,0,0,0,0,0,0,0,0
d_16_SEACell-0,16,7,Cycling T cells,1,0,0,1,0,0,0,0,0,0,0,0,0,0,0,0
d_16_SEACell-1,16,7,MAIT,1,0,0,0,0,0,1,0,0,0,0,0,0,0,0,0
d_16_SEACell-10,16,7,Cycling T cells,1,0,0,1,0,0,0,0,0,0,0,0,0,0,0,0
d_16_SEACell-11,16,7,Cytotoxic CD8 T cells,1,0,0,0,1,0,0,0,0,0,0,0,0,0,0,0
d_16_SEACell-12,16,7,Cycling Plasma,1,0,1,0,0,0,0,0,0,0,0,0,0,0,0,0
d_16_SEACell-13,16,7,Stem cells,1,0,0,0,0,0,0,0,0,0,0,0,0,0,1,0
d_16_SEACell-14,16,7,Memory B cells,1,0,0,0,0,0,0,0,1,0,0,0,0,0,0,0
d_16_SEACell-15,16,7,Memory B cells,1,0,0,0,0,0,0,0,1,0,0,0,0,0,0,0
d_16_SEACell-16,16,7,Activated CD4 T cells,1,1,0,0,0,0,0,0,0,0,0,0,0,0,0,0
d_16_SEACell-17,16,7,Memory B cells,1,0,0,0,0,0,0,0,1,0,0,0,0,0,0,0
d_16_SEACell-18,16,7,Cytotoxic CD8 T cells,1,0,0,0,1,0,0,0,0,0,0,0,0,0,0,0
d_16_SEACell-19,16,7,Plasma,1,0,0,0,0,0,0,0,0,0,0,0,0,1,0,0
d_16_SEACell-2,16,7,Plasma,1,0,0,0,0,0,0,0,0,0,0,0,0,1,0,0
d_16_SEACell-20,16,7,XCL+ NKs,1,0,0,0,0,0,0,0,0,0,0,0,0,0,0,1
d_16_SEACell-21,16,7,NKs,1,0,0,0,0,0,0,0,0,0,0,0,1,0,0,0
d_16_SEACell-22,16,7,NKs,1,0,0,0,0,0,0,0,0,0,0,0,1,0,0,0
d_16_SEACell-23,16,7,NKs,1,0,0,0,0,0,0,0,0,0,0,0,1,0,0,0
d_16_SEACell-24,16,7,Cycling T cells,1,0,0,1,0,0,0,0,0,0,0,0,0,0,0,0
d_16_SEACell-25,16,7,Activated CD4 T cells,1,1,0,0,0,0,0,0,0,0,0,0,0,0,0,0
d_16_SEACell-26,16,7,Cytotoxic CD8 T cells,1,0,0,0,1,0,0,0,0,0,0,0,0,0,0,0
d_16_SEACell-27,16,7,Naive T cells,1,0,0,0,0,0,0,0,0,0,0,1,0,0,0,0
d_16_SEACell-28,16,7,Monocytes,1,0,0,0,0,0,0,0,0,1,0,0,0,0,0,0
d_16_SEACell-29,16,7,Plasma,1,0,0,0,0,0,0,0,0,0,0,0,0,1,0,0
d_16_SEACell-3,16,7,Plasma,1,0,0,0,0,0,0,0,0,0,0,0,0,1,0,0
d_16_SEACell-30,16,7,Naive T cells,1,0,0,0,0,0,0,0,0,0,0,1,0,0,0,0
d_16_SEACell-31,16,7,Plasma,1,0,0,0,0,0,0,0,0,0,0,0,0,1,0,0
d_16_SEACell-32,16,7,Cytotoxic CD8 T cells,1,0,0,0,1,0,0,0,0,0,0,0,0,0,0,0
d_16_SEACell-33,16,7,Naive T cells,1,0,0,0,0,0,0,0,0,0,0,1,0,0,0,0
d_16_SEACell-34,16,7,Naive T cells,1,0,0,0,0,0,0,0,0,0,0,1,0,0,0,0
d_16_SEACell-35,16,7,NKs,1,0,0,0,0,0,0,0,0,0,0,0,1,0,0,0
d_16_SEACell-36,16,7,Activated CD4 T cells,1,1,0,0,0,0,0,0,0,0,0,0,0,0,0,0
d_16_SEACell-37,16,7,Naive T cells,1,0,0,0,0,0,0,0,0,0,0,1,0,0,0,0
d_16_SEACell-38,16,7,Naive B cells,1,0,0,0,0,0,0,0,0,0,1,0,0,0,0,0
d_16_SEACell-39,16,7,Naive T cells,1,0,0,0,0,0,0,0,0,0,0,1,0,0,0,0
d_16_SEACell-4,16,7,Naive B cells,1,0,0,0,0,0,0,0,0,0,1,0,0,0,0,0
d_16_SEACell-5,16,7,Naive T cells,1,0,0,0,0,0,0,0,0,0,0,1,0,0,0,0
d_16_SEACell-6,16,7,NKs,1,0,0,0,0,0,0,0,0,0,0,0,1,0,0,0
d_16_SEACell-7,16,7,MAIT,1,0,0,0,0,0,1,0,0,0,0,0,0,0,0,0
d_16_SEACell-8,16,7,DCs,1,0,0,0,0,1,0,0,0,0,0,0,0,0,0,0
d_16_SEACell-9,16,7,Naive T cells,1,0,0,0,0,0,0,0,0,0,0,1,0,0,0,0
d_22_SEACell-0,22,8,Cycling T cells,1,0,0,1,0,0,0,0,0,0,0,0,0,0,0,0
d_22_SEACell-1,22,8,Naive B cells,1,0,0,0,0,0,0,0,0,0,1,0,0,0,0,0
d_22_SEACell-10,22,8,Monocytes,1,0,0,0,0,0,0,0,0,1,0,0,0,0,0,0
d_22_SEACell-11,22,8,Monocytes,1,0,0,0,0,0,0,0,0,1,0,0,0,0,0,0
d_22_SEACell-12,22,8,Activated CD4 T cells,1,1,0,0,0,0,0,0,0,0,0,0,0,0,0,0
d_22_SEACell-13,22,8,Naive T cells,1,0,0,0,0,0,0,0,0,0,0,1,0,0,0,0
d_22_SEACell-14,22,8,Naive B cells,1,0,0,0,0,0,0,0,0,0,1,0,0,0,0,0
d_22_SEACell-15,22,8,Cytotoxic CD8 T cells,1,0,0,0,1,0,0,0,0,0,0,0,0,0,0,0
d_22_SEACell-16,22,8,Cytotoxic CD8 T cells,1,0,0,0,1,0,0,0,0,0,0,0,0,0,0,0
d_22_SEACell-17,22,8,XCL+ NKs,1,0,0,0,0,0,0,0,0,0,0,0,0,0,0,1
d_22_SEACell-18,22,8,Naive B cells,1,0,0,0,0,0,0,0,0,0,1,0,0,0,0,0
d_22_SEACell-19,22,8,Plasma,1,0,0,0,0,0,0,0,0,0,0,0,0,1,0,0
d_22_SEACell-2,22,8,Monocytes,1,0,0,0,0,0,0,0,0,1,0,0,0,0,0,0
d_22_SEACell-20,22,8,Memory B cells,1,0,0,0,0,0,0,0,1,0,0,0,0,0,0,0
d_22_SEACell-21,22,8,Memory B cells,1,0,0,0,0,0,0,0,1,0,0,0,0,0,0,0
d_22_SEACell-22,22,8,DCs,1,0,0,0,0,1,0,0,0,0,0,0,0,0,0,0
d_22_SEACell-23,22,8,XCL+ NKs,1,0,0,0,0,0,0,0,0,0,0,0,0,0,0,1
d_22_SEACell-24,22,8,Cycling Plasma,1,0,1,0,0,0,0,0,0,0,0,0,0,0,0,0
d_22_SEACell-25,22,8,Cycling Plasma,1,0,1,0,0,0,0,0,0,0,0,0,0,0,0,0
d_22_SEACell-26,22,8,MAIT,1,0,0,0,0,0,1,0,0,0,0,0,0,0,0,0
d_22_SEACell-27,22,8,Cytotoxic CD8 T cells,1,0,0,0,1,0,0,0,0,0,0,0,0,0,0,0
d_22_SEACell-28,22,8,NKs,1,0,0,0,0,0,0,0,0,0,0,0,1,0,0,0
d_22_SEACell-29,22,8,Plasma,1,0,0,0,0,0,0,0,0,0,0,0,0,1,0,0
d_22_SEACell-3,22,8,Activated CD4 T cells,1,1,0,0,0,0,0,0,0,0,0,0,0,0,0,0
d_22_SEACell-30,22,8,NKs,1,0,0,0,0,0,0,0,0,0,0,0,1,0,0,0
d_22_SEACell-31,22,8,Monocytes,1,0,0,0,0,0,0,0,0,1,0,0,0,0,0,0
d_22_SEACell-32,22,8,Monocytes,1,0,0,0,0,0,0,0,0,1,0,0,0,0,0,0
d_22_SEACell-33,22,8,Cytotoxic CD8 T cells,1,0,0,0,1,0,0,0,0,0,0,0,0,0,0,0
d_22_SEACell-34,22,8,XCL+ NKs,1,0,0,0,0,0,0,0,0,0,0,0,0,0,0,1
d_22_SEACell-35,22,8,Naive T cells,1,0,0,0,0,0,0,0,0,0,0,1,0,0,0,0
d_22_SEACell-36,22,8,MAIT,1,0,0,0,0,0,1,0,0,0,0,0,0,0,0,0
d_22_SEACell-37,22,8,DCs,1,0,0,0,0,1,0,0,0,0,0,0,0,0,0,0
d_22_SEACell-38,22,8,Naive T cells,1,0,0,0,0,0,0,0,0,0,0,1,0,0,0,0
d_22_SEACell-39,22,8,NKs,1,0,0,0,0,0,0,0,0,0,0,0,1,0,0,0
d_22_SEACell-4,22,8,Naive T cells,1,0,0,0,0,0,0,0,0,0,0,1,0,0,0,0
d_22_SEACell-40,22,8,DCs,1,0,0,0,0,1,0,0,0,0,0,0,0,0,0,0
d_22_SEACell-41,22,8,Stem cells,1,0,0,0,0,0,0,0,0,0,0,0,0,0,1,0
d_22_SEACell-42,22,8,Naive T cells,1,0,0,0,0,0,0,0,0,0,0,1,0,0,0,0
d_22_SEACell-43,22,8,MAIT,1,0,0,0,0,0,1,0,0,0,0,0,0,0,0,0
d_22_SEACell-44,22,8,Cycling T cells,1,0,0,1,0,0,0,0,0,0,0,0,0,0,0,0
d_22_SEACell-45,22,8,Naive T cells,1,0,0,0,0,0,0,0,0,0,0,1,0,0,0,0
d_22_SEACell-46,22,8,Memory B cells,1,0,0,0,0,0,0,0,1,0,0,0,0,0,0,0
d_22_SEACell-47,22,8,Plasma,1,0,0,0,0,0,0,0,0,0,0,0,0,1,0,0
d_22_SEACell-48,22,8,Cytotoxic CD8 T cells,1,0,0,0,1,0,0,0,0,0,0,0,0,0,0,0
d_22_SEACell-49,22,8,Activated CD4 T cells,1,1,0,0,0,0,0,0,0,0,0,0,0,0,0,0
d_22_SEACell-5,22,8,Memory B cells,1,0,0,0,0,0,0,0,1,0,0,0,0,0,0,0
d_22_SEACell-50,22,8,Naive B cells,1,0,0,0,0,0,0,0,0,0,1,0,0,0,0,0
d_22_SEACell-51,22,8,Naive T cells,1,0,0,0,0,0,0,0,0,0,0,1,0,0,0,0
d_22_SEACell-52,22,8,XCL+ NKs,1,0,0,0,0,0,0,0,0,0,0,0,0,0,0,1
d_22_SEACell-53,22,8,Naive T cells,1,0,0,0,0,0,0,0,0,0,0,1,0,0,0,0
d_22_SEACell-54,22,8,NKs,1,0,0,0,0,0,0,0,0,0,0,0,1,0,0,0
d_22_SEACell-55,22,8,Memory B cells,1,0,0,0,0,0,0,0,1,0,0,0,0,0,0,0
d_22_SEACell-56,22,8,Memory B cells,1,0,0,0,0,0,0,0,1,0,0,0,0,0,0,0
d_22_SEACell-57,22,8,Monocytes,1,0,0,0,0,0,0,0,0,1,0,0,0,0,0,0
d_22_SEACell-58,22,8,Naive T cells,1,0,0,0,0,0,0,0,0,0,0,1,0,0,0,0
d_22_SEACell-59,22,8,NKs,1,0,0,0,0,0,0,0,0,0,0,0,1,0,0,0
d_22_SEACell-6,22,8,Naive B cells,1,0,0,0,0,0,0,0,0,0,1,0,0,0,0,0
d_22_SEACell-7,22,8,Naive B cells,1,0,0,0,0,0,0,0,0,0,1,0,0,0,0,0
d_22_SEACell-8,22,8,Monocytes,1,0,0,0,0,0,0,0,0,1,0,0,0,0,0,0
d_22_SEACell-9,22,8,Memory B cells,1,0,0,0,0,0,0,0,1,0,0,0,0,0,0,0
d_25_SEACell-0,25,9,Naive B cells,1,0,0,0,0,0,0,0,0,0,1,0,0,0,0,0
d_25_SEACell-1,25,9,Cytotoxic CD8 T cells,1,0,0,0,1,0,0,0,0,0,0,0,0,0,0,0
d_25_SEACell-10,25,9,Naive T cells,1,0,0,0,0,0,0,0,0,0,0,1,0,0,0,0
d_25_SEACell-11,25,9,Naive T cells,1,0,0,0,0,0,0,0,0,0,0,1,0,0,0,0
d_25_SEACell-12,25,9,Naive B cells,1,0,0,0,0,0,0,0,0,0,1,0,0,0,0,0
d_25_SEACell-13,25,9,Memory B cells,1,0,0,0,0,0,0,0,1,0,0,0,0,0,0,0
d_25_SEACell-14,25,9,Naive T cells,1,0,0,0,0,0,0,0,0,0,0,1,0,0,0,0
d_25_SEACell-15,25,9,Cytotoxic CD8 T cells,1,0,0,0,1,0,0,0,0,0,0,0,0,0,0,0
d_25_SEACell-16,25,9,Naive T cells,1,0,0,0,0,0,0,0,0,0,0,1,0,0,0,0
d_25_SEACell-17,25,9,Activated CD4 T cells,1,1,0,0,0,0,0,0,0,0,0,0,0,0,0,0
d_25_SEACell-18,25,9,NKs,1,0,0,0,0,0,0,0,0,0,0,0,1,0,0,0
d_25_SEACell-19,25,9,Naive T cells,1,0,0,0,0,0,0,0,0,0,0,1,0,0,0,0
d_25_SEACell-2,25,9,Memory B cells,1,0,0,0,0,0,0,0,1,0,0,0,0,0,0,0
d_25_SEACell-3,25,9,Naive T cells,1,0,0,0,0,0,0,0,0,0,0,1,0,0,0,0
d_25_SEACell-4,25,9,Activated CD4 T cells,1,1,0,0,0,0,0,0,0,0,0,0,0,0,0,0
d_25_SEACell-5,25,9,Plasma,1,0,0,0,0,0,0,0,0,0,0,0,0,1,0,0
d_25_SEACell-6,25,9,XCL+ NKs,1,0,0,0,0,0,0,0,0,0,0,0,0,0,0,1
d_25_SEACell-7,25,9,Cytotoxic CD8 T cells,1,0,0,0,1,0,0,0,0,0,0,0,0,0,0,0
d_25_SEACell-8,25,9,Plasma,1,0,0,0,0,0,0,0,0,0,0,0,0,1,0,0
d_25_SEACell-9,25,9,Cycling Plasma,1,0,1,0,0,0,0,0,0,0,0,0,0,0,0,0
d_28_SEACell-0,28,10,Monocytes,1,0,0,0,0,0,0,0,0,1,0,0,0,0,0,0
d_28_SEACell-1,28,10,XCL+ NKs,1,0,0,0,0,0,0,0,0,0,0,0,0,0,0,1
d_28_SEACell-10,28,10,Cytotoxic CD8 T cells,1,0,0,0,1,0,0,0,0,0,0,0,0,0,0,0
d_28_SEACell-11,28,10,Activated CD4 T cells,1,1,0,0,0,0,0,0,0,0,0,0,0,0,0,0
d_28_SEACell-12,28,10,Naive T cells,1,0,0,0,0,0,0,0,0,0,0,1,0,0,0,0
d_28_SEACell-13,28,10,Naive B cells,1,0,0,0,0,0,0,0,0,0,1,0,0,0,0,0
d_28_SEACell-14,28,10,Memory B cells,1,0,0,0,0,0,0,0,1,0,0,0,0,0,0,0
d_28_SEACell-15,28,10,Plasma,1,0,0,0,0,0,0,0,0,0,0,0,0,1,0,0
d_28_SEACell-16,28,10,Naive T cells,1,0,0,0,0,0,0,0,0,0,0,1,0,0,0,0
d_28_SEACell-17,28,10,Naive B cells,1,0,0,0,0,0,0,0,0,0,1,0,0,0,0,0
d_28_SEACell-18,28,10,DCs,1,0,0,0,0,1,0,0,0,0,0,0,0,0,0,0
d_28_SEACell-19,28,10,Activated CD4 T cells,1,1,0,0,0,0,0,0,0,0,0,0,0,0,0,0
d_28_SEACell-2,28,10,Naive T cells,1,0,0,0,0,0,0,0,0,0,0,1,0,0,0,0
d_28_SEACell-3,28,10,MAIT,1,0,0,0,0,0,1,0,0,0,0,0,0,0,0,0
d_28_SEACell-4,28,10,NKs,1,0,0,0,0,0,0,0,0,0,0,0,1,0,0,0
d_28_SEACell-5,28,10,Memory B cells,1,0,0,0,0,0,0,0,1,0,0,0,0,0,0,0
d_28_SEACell-6,28,10,Memory B cells,1,0,0,0,0,0,0,0,1,0,0,0,0,0,0,0
d_28_SEACell-7,28,10,Plasma,1,0,0,0,0,0,0,0,0,0,0,0,0,1,0,0
d_28_SEACell-8,28,10,Cycling T cells,1,0,0,1,0,0,0,0,0,0,0,0,0,0,0,0
d_28_SEACell-9,28,10,Naive T cells,1,0,0,0,0,0,0,0,0,0,0,1,0,0,0,0